Cluster,Recency,Frequency,Monetary,Age,Category_Books,Category_Clothing,Category_Electronics,Category_Groceries,Category_Toys,Mall_CYB,Mall_MK,Mall_ST,Mall_TKO,CLV_Score,Cluster_Name,Size,Size_Pct
0,184.73523985239854,3.3976014760147604,7294.542887453875,43.744464944649444,0.08973726965401056,0.25310369777668734,0.4708597577243324,0.03403942559796597,0.1522598492470037,0.2113684618989047,0.23014701575587182,0.21191281555672697,0.34657170678849647,133.43698105411633,VIP Electronics-Focused,1084,63.0
1,294.77358490566036,1.8223270440251573,2405.0925,43.386792452830186,0.1802092281306295,0.4533253550943255,0.03530784248898909,0.06615014266070356,0.26500743162535234,0.20833333333333334,0.2270440251572327,0.23608490566037738,0.3285377358490566,14.818311471357493,Casual Clothing-Focused,636,37.0
