antecedents,consequents,antecedent support,consequent support,support,confidence,lift,representativity,leverage,conviction,zhangs_metric,jaccard,certainty,kulczynski
frozenset({'Groceries'}),frozenset({'Clothing'}),0.3781495249896737,0.5817843866171004,0.2771581990912846,0.7329328235936646,1.2598014667520496,1.0,0.05715670964561939,1.5659566218897527,0.3316297767599278,0.40592861464004837,0.3614127070817402,0.6046630749136233
frozenset({'Books'}),frozenset({'Toys'}),0.49979347377116895,0.5636100784799669,0.32837670384138784,0.6570247933884297,1.1657435139563124,1.0,0.04668806486544402,1.272365795275277,0.28423933648058414,0.44675470637819614,0.214062493888678,0.6198278968774321
frozenset({'Toys'}),frozenset({'Books'}),0.5636100784799669,0.49979347377116895,0.32837670384138784,0.5826310003664346,1.1657435139563124,1.0,0.04668806486544402,1.198475513677331,0.3258058083085541,0.44675470637819614,0.16560664895717425,0.6198278968774321
"frozenset({'Books', 'Clothing'})",frozenset({'Toys'}),0.23502684840974805,0.5636100784799669,0.13093762907889303,0.5571177504393673,0.9884808162797423,1.0,-0.0015258713982243544,0.9853407354956302,-0.015005180130111302,0.1961026909990721,-0.01487735559516488,0.39471864070154516
frozenset({'Electronics'}),frozenset({'Clothing'}),0.33271375464684017,0.5817843866171004,0.17389508467575382,0.5226567349472377,0.8983684453725683,1.0,-0.01967258299053054,0.8761317986474009,-0.14496004525846853,0.23480200780814278,-0.14138078488171607,0.41077813673169483
frozenset({'Electronics'}),frozenset({'Toys'}),0.33271375464684017,0.5636100784799669,0.16831887649731517,0.5058969584109249,0.8976009793425058,1.0,-0.019201948870554875,0.8831961853879061,-0.14600152945365805,0.23120567375886525,-0.13225126709621468,0.40227057521132537
